<?xml version="1.0" ?>
<!DOCTYPE FTCS SYSTEM "futuretense_cs.dtd">
<FTCS Version="1.1">
<!-- Support/Audit/Default/AssetPub
-
- INPUT
-
- OUTPUT
-
-->
<H3><CENTER>AssetPublication Scanner</CENTER></H3>
<!-- first section lists publications that are referenced in the assetpublication table -->
	
<setvar NAME="tablename" VALUE="AssetPublication"/>
<EXECSQL SQL="select DISTINCT pubid as pubid from AssetPublication WHERE pubid !=0" LIST="pubs"/> 
<center><b>There are <CSVAR NAME="pubs.#numRows"/> Sites</b>
<table class="altClass" style="width:50%">
<LOOP LIST="pubs">
    <EXECSQL SQL="SELECT name, id  FROM Publication where id = pubs.pubid" LIST="pubname"/>
    <IF COND="Variables.errno=-101">
    <THEN>
        <tr><td style="color:#FF0000">
    	Invalid Publication: <CSVAR NAME="PubID: pubs.pubid"/>
        </td></tr>
    	<SETVAR NAME="errno" VALUE="0"/>
    </THEN>
    <ELSE>
        <tr><td>
    	Valid Publication: <b><CSVAR NAME="pubname.name"/></b> with PubID: <CSVAR NAME="pubs.pubid"/>
        </td></tr>
    </ELSE>
    </IF>
</LOOP>
</table>
</center>

<br/><br/><b>If any of the names do not make sense you have 'orphans' in your AssetPublication table which should be checked</b><br/>
<table class="altClass" style="width:50%">

<LOOP LIST="pubs">
    <EXECSQL SQL="select name, id  from Publication where id = pubs.pubid" LIST="N"/>
    <IF COND="Variables.errno=-101">
    <THEN>
        <SETVAR NAME="ORPHAN" VALUE="1"/>			
    </THEN>
    <ELSE>
        <SETVAR NAME="ORPHAN" VALUE="0"/>
    </ELSE>
    </IF>

    <SETVAR NAME="NNAME" VALUE="N.name"/>
    <SETVAR NAME="pubid" VALUE="pubs.pubid"/>

    
    <IF COND="Variables.ORPHAN=1">
    <THEN>
        <tr><td colspan="4"><STRONG><FONT COLOR="red">The assets listed are orphans, either the site is not initialized or was deleted.</FONT></STRONG></td></tr>
    </THEN>
    <ELSE>
        <tr><th colspan="4"><b>Site: <CSVAR NAME="Variables.NNAME"/></b></th></tr>
    </ELSE>
    </IF>

    <!--get listing of distinct assettypes for this publication-->
    <EXECSQL SQL="SELECT assettype, count(assetid) as cnt FROM AssetPublication WHERE pubid = Variables.pubid GROUP BY assettype ORDER BY assettype" LIST="assettypes"/>
    <tr><td colspan="4" align="left"><font color="blue"><CSVAR NAME="assettypes.#numRows Assettypes found for pubid Variables.pubid"/></font></td></tr>
    <LOOP LIST="assettypes">
        <tr>
            <td><CSVAR NAME="assettypes.assettype"/></td><td><CSVAR NAME="assettypes.cnt"/></td>
            <EXECSQL SQL="SELECT assetid, COUNT(id) cnt FROM AssetPublication WHERE pubid = Variables.pubid AND assettype = 'assettypes.assettype' GROUP BY assetid HAVING count(id) > 1" LIST="D"/>
            <IF COND="D.#numRows=0">
            <THEN>
                <td></td>
            </THEN>
            <ELSE>
                <td style="color:#FF0000">
                <LOOP LIST="D">
                     <CSVAR NAME="D.assetid is duped and has D.cnt entries"/><br/>
                </LOOP>
                </td>
            </ELSE>
            </IF>
        </tr>
    </LOOP>
</LOOP>
</table>
</FTCS>                                                                                                                                                          
