<?xml version="1.0" ?>
<!DOCTYPE FTCS SYSTEM "futuretense_cs.dtd">
<FTCS Version="1.2">
<h3>Output of user_tables (Oracle)</h3>
<SETVAR NAME="tablename" VALUE="SystemInfo"/>
<TIME.SET NAME="tabletime" />
<SETVAR NAME="errno" VALUE="0"/>

<EXECSQL SQL="SELECT table_name as tbl, num_rows as num ,avg_row_len as avgrowlen,last_analyzed as lastanalyzed, logging, blocks,cache,tablespace_name, degree FROM user_tables ORDER BY table_name" LIST="usertables"/>

<table class="altClass">
	<tr>
		<th>table_name</th>
		<th>num_rows</th>
		<th>avg_row_len</th>
		<th>last_analyzed</th>
		<th>logging</th>
		<th>blocks</th>
		<th>cache</th>
		<th>degree</th>
		<th>tablespace</th>
	</tr>

	<LOOP LIST="usertables">
	<tr>
		<td><a href="ContentServer?pagename=Support/Audit/Default/OracleIndexes&#38;tblname=usertables.tbl" REPLACEALL="usertables.tbl"><CSVAR NAME="usertables.tbl"/></a></td>
		<td align="right"><CSVAR NAME="usertables.num"/></td>
		<td align="right"><CSVAR NAME="usertables.avgrowlen"/></td>
		<td><CSVAR NAME="usertables.lastanalyzed"/></td>
		<td><CSVAR NAME="usertables.logging"/></td>
		<td align="right"><CSVAR NAME="usertables.blocks"/></td>
		<td><CSVAR NAME="usertables.cache"/></td>
		<td><CSVAR NAME="usertables.degree"/></td>
		<td><CSVAR NAME="usertables.tablespace_name"/></td>
	</tr>

	</LOOP>
</table><br/>
<br/>Time to get data: <TIME.GET NAME="tabletime" /> ms<br/>
<FLUSH LIST="usertables"/>
</FTCS>
