<?xml version="1.0" ?>
<!DOCTYPE ftcs SYSTEM "futuretense_cs.dtd">
<ftcs version="1.2">
<!-- Support/Audit/Default/IndicesOracle
-
- INPUT
-
- OUTPUT
-
-->

<SETVAR NAME="errno" VALUE="0"/>
<H3><center>Overview of ContentServer Table Indices</center></H3>

<SETVAR NAME="tablename" VALUE="SystemInfo"/>
<EXECSQL SQL="select tblname from systeminfo where tblname not like 'tt%' order by tblname ASC" LIST="A"/>
<table class="altClass">
    <tr><th width="5%">TableName</th><th>IndexName - ColumnDetails</th></tr>
    <LOOP LIST="A">
            <tr>
                <td align="center"><CSVAR NAME="A.tblname "/></td>
                <td>
                <table bgcolor="#CCFF99" width="100%" cellspacing="1px">                    
                    <TOUPPER STR="A.tblname" OUTSTR="tbl"/>
                    <SETVAR NAME="tablename" VALUE="all_ind_columns"/>
                    <EXECSQL SQL="select index_name, tablespace_name, leaf_blocks, distinct_keys, clustering_factor, blevel, avg_leaf_blocks_per_key, status, num_rows, last_analyzed  from user_indexes where table_name='Variables.tbl' ORDER BY index_name" LIST="indname"/>
                    <LOOP LIST="indname">
                        <tr>
                            <td width="25%" align="left"><CSVAR NAME="indname.index_name"/></td>
                            <td width="20%" align="center">                                
                                <EXECSQL SQL="select column_name from all_ind_columns where index_name='indname.index_name'" LIST="indcolumns"/>
                                <LOOP LIST="indcolumns">
                                        <CSVAR NAME="indcolumns.column_name"/><br/>
                                </LOOP>
                            </td>
                            <td width="5%" align="center"><CSVAR NAME="indname.num_rows"/></td>
                            <td width="5%" align="center"><CSVAR NAME="indname.distinct_keys"/></td>
                            <td width="5%" align="center"><CSVAR NAME="indname.blevel"/></td>
                            <td width="5%" align="center"><CSVAR NAME="indname.clustering_factor"/></td>
                            <td width="5%" align="center"><CSVAR NAME="indname.leaf_blocks"/></td>
                            <td width="5%" align="center"><CSVAR NAME="indname.avg_leaf_blocks_per_key"/></td>
                            <td width="5%" align="center"><CSVAR NAME="indname.status"/></td>
                            <td width="10%" align="center" nowrap="true"><CSVAR NAME="indname.last_analyzed"/></td>
                            <td width="10%" align="center"><CSVAR NAME="indname.tablespace_name"/></td>
                        </tr>
                    </LOOP>
                </table>
                </td>
            </tr>
    </LOOP>
</table>
<div color="gray">
<strong>IndexName - ColumnDetails</strong><br/>
<b>NAME: </b>Name of the index<br/>
<b>COLUMN(S): </b> Name of the column(s) indexed.<br/>
<b>NUM_ROWS: </b>Number of rows in the index (cardinality). <br/>
<b>DISTINCT_KEYS: </b>Number of distinct keys. These define the selectivity of the index. <br/>
<b>BLEVEL: </b>Level or height of the index. This indicates how deeply the data 'probe' must search in order to find the data. <br/>
<b>CLUSTERING_FACTOR: </b>This is the collocation amount of the index block relative to data blocks. The higher the CF, the less likely the optimizer is to select this index. <br/>
<b>LEAF_BLOCKS: </b>Number of leaf blocks in the index. This is the number of I/Os needed to find the desired rows of data. <br/>
<b>AVG_LEAF_BLOCKS_PER_KEY: </b>Average leaf blocks for each key (ALFBKEY). Average number of leaf blocks in which each distinct value in the index appears, rounded to the nearest integer. 
For indexes that enforce UNIQUE and PRIMARY KEY constraints, this value is always one. <br/>
<b>STATUS: </b>Current Status of the index<br/>
<b>LAST_ANALYZED: </b>Time this Index was last analyzed.<br/>
<b>TABLESPACE: </b>Name of the tablespace this index is in. <br/>
</div>
</ftcs>
