<?xml version="1.0" ?>
<!DOCTYPE ftcs SYSTEM "futuretense_cs.dtd">
<ftcs version="1.2">
<!-- Support/Audit/Default/OracleIndexes
-
- INPUT
-
- OUTPUT
-
-->
<h3><CSVAR NAME="Variables.tblname "/></h3>
<SETVAR NAME="tablename" VALUE="SystemInfo"/>	
<h3>columns</h3>
<EXECSQL SQL="SELECT column_name, data_type, data_length, data_precision, data_scale, nullable, column_id, default_length, data_default, num_distinct, to_char(density,'90.9999') density, num_nulls , num_buckets FROM user_tab_columns WHERE table_name = UPPER('Variables.tblname') ORDER BY column_id" LIST="cols"/>
<table>
	<tr>
		<th>columnid</th>	
		<th>column</th>
		<th>type</th>
		<th>length</th>
		<th>precision</th>
		<th>scale</th>	
		<th>nullable</th>	
		<th>distinct</th>	
		<th>density</th>	
		<th>#nulls</th>			
	</tr>
	<LOOP LIST="cols">
		<tr>
			<td><CSVAR NAME="cols.column_id"/></td>
			<td><b><CSVAR NAME="cols.column_name"/></b></td>
			<td><CSVAR NAME="cols.data_type"/></td>
			<td><CSVAR NAME="cols.data_length"/></td>
			<td><CSVAR NAME="cols.data_precision"/></td>
			<td><CSVAR NAME="cols.data_scale"/></td>
			<td><CSVAR NAME="cols.nullable"/></td>
			<td><CSVAR NAME="cols.num_distinct"/></td>
			<td><CSVAR NAME="cols.density"/></td>
			<td><CSVAR NAME="cols.num_nulls"/></td>
		</tr>
	</LOOP> 
</table>	

<h3>indexes</h3>

<EXECSQL SQL="SELECT DISTINCT index_name,INDEX_TYPE, TABLESPACE_NAME,UNIQUENESS,LOGGING,LAST_ANALYZED,STATUS,DISTINCT_KEYS FROM USER_INDEXES WHERE table_name = 'Variables.tblname' ORDER BY index_name" LIST="IND_NAME"/>

<table>
	<tr>
		<th>index name</th>
		<th>type</th>
		<th>table space</th>
		<th>unique</th>
		<th>logging</th>	
		<th>last analyzed</th>	
		<th>status</th>	
		<th>distinct keys</th>	
	</tr>
	<tr>
		<td>&nbsp;</td>
		<th>position</th>
		<th>column name</th>
		<th>descend</th>
		<th>column length</th>	
		<td colspan="3"></td>
	</tr>

	<LOOP LIST="IND_NAME">


		<tr>
		<td><b><CSVAR NAME="IND_NAME.index_name"/></b></td>
		<td><CSVAR NAME="IND_NAME.index_type"/></td>
		<td><CSVAR NAME="IND_NAME.tablespace_name"/></td>
		<td><CSVAR NAME="IND_NAME.uniqueness"/></td>
		<td><CSVAR NAME="IND_NAME.logging"/></td>
		<td><CSVAR NAME="IND_NAME.last_analyzed"/></td>
		<td><CSVAR NAME="IND_NAME.status"/></td>
		<td><CSVAR NAME="IND_NAME.distinct_keys"/></td>
		</tr>
		<EXECSQL SQL="SELECT column_name ,column_position ,descend, column_length FROM user_ind_columns WHERE index_name = 'IND_NAME.index_name' ORDER BY column_position" LIST="IND"/>
		<LOOP LIST="IND">
			<tr>
				<td></td>
				<td><CSVAR NAME="IND.column_position"/></td>
				<td><CSVAR NAME="IND.column_name"/></td>
				<td><CSVAR NAME="IND.descend"/></td>
				<td><CSVAR NAME="IND.column_length"/></td> 
				<td colspan="3">&nbsp;</td>
			</tr>
		</LOOP>
		<tr>
			<td colspan="8">&nbsp;</td>
		</tr>
		<FLUSH LIST="IND"/>	
	</LOOP>
</table>
<FLUSH LIST="IND_NAME"/>	
</ftcs>