<?xml version="1.0" ?>
<!DOCTYPE ftcs SYSTEM "futuretense_cs.dtd">
<ftcs version="1.2">
<!-- Support/Login
-
- INPUT
-
- OUTPUT
-
-->
<SETVAR NAME="errno" VALUE="0"/>
<h1>Login with SiteGod Privileges</h1>
<SATELLITE.FORM name="LoginForm" enctype="multipart/form-data" method="POST" SATELLITE="false">
<input TYPE="hidden" name="pagename" value="Support/LoginPost"/>
<input TYPE="hidden" name="redir" value="Variables.pagename" REPLACEALL="Variables.pagename"/>
<table style="border:none">
    <tr> 
      <td style="text-align:right; border:none"><b>User ID: </b></td>
      <td style="border:none"><input type="text" name="authusername" size="20"/></td>
    </tr>
    <tr> 
      <td style="text-align:right; border:none"><b>Password: </b></td>
      <td style="border:none"><input type="password" name="authpassword" size="20"/></td>
    </tr>
    <tr> 
      <td style="border:none">&nbsp;</td>
      <td style="border:none"><input type="submit" value="&nbsp;Login&nbsp;"/>&nbsp;<input type="reset" value="&nbsp;Cancel&nbsp;"/></td>
    </tr>
  </table>
</SATELLITE.FORM>
<script language="JavaScript">
<![CDATA[
    document.LoginForm.authusername.focus();
    var authkey = document.getElementsByName("_authkey_").item(0).value;
    if (authkey == "null") location.reload();
]]>
</script>
</ftcs>
