<?xml version="1.0" ?>
<!DOCTYPE FTCS SYSTEM "futuretense_cs.dtd">
<FTCS Version="1.2">
<!-- SysAdmin/ApprovalStats
-
- INPUT
-
- OUTPUT
-
-->
<center><h3>Changed/Held Assets</h3></center>
<setvar NAME="errno" VALUE="0"/>
<USERISMEMBER GROUP="xceleditor"/>
<IF COND="Variables.errno=0">
<THEN>
<STRONG><font color="red">NOTE: this tool requires xceleditor ACL, and you don't have it</font></STRONG><p/>
</THEN>
</IF>
<setvar NAME="errno" VALUE="0"/>
<IF COND="IsVariable.maxList=false">
<THEN>
	<setvar NAME="maxList" VALUE="1000" />
</THEN>
</IF>

<IF COND="Variables.heldlogin=true">
<THEN>
    <PROPERTY.GET PARAM="xcelerate.batchuser" INIFILE="futuretense_xcel.ini" VARNAME="batchuser"/>
    <PROPERTY.GET PARAM="xcelerate.batchpass" INIFILE="futuretense_xcel.ini" VARNAME="batchpass"/>
    <USERMANAGER.LOGINUSER USERNAME="Variables.batchuser" PASSWORD="Variables.batchpass" VARNAME="loggedIn"/>
</THEN>
</IF>

<IF COND="IsVariable.targ=true">
<THEN>
   <h4><CSVAR NAME="Variables.tname"/></h4>
   <SETVAR NAME="TARGET" VALUE="Variables.targ"/>
   <TIME.SET NAME="changedoperation"/>
   <APPROVEDASSETS.GETCHANGEDASSETS TARGET="Variables.TARGET" LISTVARNAME="reapprovelist"/>
	 <if COND="IsList.reapprovelist=true">
	 <then>
		List of Changed Assets (<CSVAR NAME="reapprovelist.#numRows"/>), listing not more than <CSVAR NAME="Variables.maxList"/> assets<br/>
		<if COND="reapprovelist.#numRows!=0">
		<then>
		<table class="altClass">
    		<tr><th>Nr</th><th>AssetType</th><th>AssetId</th></tr>
	        <LOOP LIST="reapprovelist" COUNT="Variables.maxList">
                <SETVAR NAME="errno" VALUE="0"/>
                <USERISMEMBER GROUP="xceleditor"/>
                <IF COND="Variables.errno=1">
                <THEN>
                <tr>
                    <td align="right"><CSVAR NAME="reapprovelist.#curRow"/></td>
                    <td><CSVAR NAME="reapprovelist.assettype" /></td>
                    <td><a href="ContentServer?pagename=Support/TCPI/AP/ShowHeldSummary&#38;assetid=reapprovelist.assetid" REPLACEALL="reapprovelist.assetid"><CSVAR NAME="reapprovelist.assetid" /></a></td>
                    <IF COND="IsVariable.approvechanged=true">
                    <THEN>
                          <CALLELEMENT NAME="Support/TCPI/AP/HandleChangedAsset">
                                <ARGUMENT NAME="type" VALUE="reapprovelist.assettype"/>
                                <ARGUMENT NAME="assetid" VALUE="reapprovelist.assetid"/>
                                <ARGUMENT NAME="target" VALUE="Variables.targ"/>
                          </CALLELEMENT>
                    </THEN>
                    </IF>
                </tr>
                </THEN>
                </IF>
            </LOOP>
        </table>
        </then>
        </if>
    </then>
    </if>
   	It took <b><TIME.GET NAME="changedoperation" /></b> ms to do the work.<br/><br/>
    <IF COND="reapprovelist.#numRows!=0">
        <THEN>
            <a href="ContentServer?pagename=Support/TCPI/AP/ApprovalStats&#38;targ=Variables.targ&#38;approvechanged=true&#38;maxList=Variables.maxList&#38;tname=Variables.tname" REPLACEALL="Variables.targ,Variables.maxList,Variables.tname">Approve All Changed</a><br/>
        </THEN>
    </IF>
    <br/><br/>
    <TIME.SET NAME="heldoperation"/>
	<APPROVEDASSETS.GETHELDASSETS TARGET="Variables.TARGET" LISTVARNAME="heldlist"/>
	<if COND="IsList.heldlist=true">
	<then>
		List of Held Assets (<CSVAR NAME="heldlist.#numRows"/>), listing not more than <CSVAR NAME="Variables.maxList"/> assets<br/>
		<if COND="heldlist.#numRows!=0">
		<then>
		<table class="altClass">
    		<tr><th>Nr</th><th>Assettype</th><th>Asset id</th><th>Reason</th>
    		<IF COND="IsVariable.showBlocked=false">
    		<THEN>
    			<th>Num of blocking</th>
    		</THEN>
    		</IF>
    		</tr>
            <LOOP LIST="heldlist" COUNT="Variables.maxList">
			<setvar NAME="errno" VALUE="0"/>
			<USERISMEMBER GROUP="xceleditor"/>
			<IF COND="Variables.errno=1">
            <THEN>
			<tr>
				<td align="right"><CSVAR NAME="heldlist.#curRow"/></td><td><CSVAR NAME="heldlist.assettype" /></td><td><CSVAR NAME="heldlist.assetid" /></td><td align="right"><CSVAR NAME="heldlist.reason" /></td>
				<IF COND="IsVariable.showBlocked=false">
				<THEN>
					<CALLELEMENT NAME="Support/TCPI/AP/CountBlockingAsset">
						<ARGUMENT NAME="type" VALUE="heldlist.assettype"/>
						<ARGUMENT NAME="assetid" VALUE="heldlist.assetid"/>
						<ARGUMENT NAME="target" VALUE="Variables.targ"/>
					</CALLELEMENT>
				</THEN>
				</IF>
			</tr>
    			<IF COND="IsVariable.showBlocked=true">
    			<THEN>
    				<CALLELEMENT NAME="Support/TCPI/AP/HandleHeldAsset">
    					<ARGUMENT NAME="type" VALUE="heldlist.assettype"/>
    					<ARGUMENT NAME="assetid" VALUE="heldlist.assetid"/>
    					<ARGUMENT NAME="target" VALUE="Variables.targ"/>
    					<!-- ARGUMENT NAME="approve" VALUE="true"/ -->
    				</CALLELEMENT>
    			</THEN>
    			</IF>
			</THEN>
			</IF>
            </LOOP>
            <setvar NAME="errno" VALUE="0"/>
		</table>
	</then>
	</if>
	It took <b><TIME.GET NAME="heldoperation" /></b> ms to do the work.<br/>
	<IF COND="heldlist.#numRows!=0">
	<THEN>
                <a href="ContentServer?pagename=Support/TCPI/AP/ApprovalStats&#38;targ=Variables.targ&#38;maxList=Variables.maxList&#38;tname=Variables.tname" REPLACEALL="Variables.targ,Variables.maxList,Variables.tname">Count Blocking Assets</a><br/>
                <a href="ContentServer?pagename=Support/TCPI/AP/ApprovalStats&#38;targ=Variables.targ&#38;showBlocked=true&#38;maxList=Variables.maxList&#38;tname=Variables.tname" REPLACEALL="Variables.targ,Variables.maxList,Variables.tname">Show Held Assets</a><br/>
		<a href="ContentServer?pagename=Support/TCPI/AP/ApprovalStats&#38;targ=Variables.targ&#38;showBlocked=true&#38;approveheld=true&#38;maxList=Variables.maxList&#38;tname=Variables.tname" REPLACEALL="Variables.targ,Variables.maxList,Variables.tname">Approve All Held</a><br/>
	</THEN>
	</IF>
	</then>
	</if>
	<br/><br/>
    <TIME.SET NAME="uimodified"/>
    <SETVAR NAME="tablename" VALUE="ApprovedAssets" />
    <EXECSQL SQL="SELECT aa.assettype, aa.assetid FROM ApprovedAssets aa, PubkeyTable pt WHERE aa.assetid=pt.assetid AND pt.targetid=Variables.targ AND pt.newkey NOT IN ('N','I') AND aa.tstate='A' AND aa.lastassetdate IS NULL" LIST="uimodifiedlist" TABLE="ApprovedAssets" />
    <if COND="IsList.uimodifiedlist=true">
	 <then>
		List of UI Modified Assets (<CSVAR NAME="uimodifiedlist.#numRows"/>), listing not more than <CSVAR NAME="Variables.maxList"/> assets<br/>
		<if COND="uimodifiedlist.#numRows!=0">
		<then>
		<table class="altClass">
    		<tr><th>Nr</th><th>AssetType</th><th>AssetId</th></tr>
	        <LOOP LIST="uimodifiedlist" COUNT="Variables.maxList">
                <SETVAR NAME="errno" VALUE="0"/>
                <USERISMEMBER GROUP="xceleditor"/>
                <IF COND="Variables.errno=1">
                <THEN>
                <tr>
                    <td align="right"><CSVAR NAME="uimodifiedlist.#curRow"/></td>
                    <td><CSVAR NAME="uimodifiedlist.assettype" /></td>
                    <td><a href="ContentServer?pagename=Support/TCPI/AP/ShowHeldSummary&#38;assetid=uimodifiedlist.assetid" REPLACEALL="uimodifiedlist.assetid"><CSVAR NAME="uimodifiedlist.assetid" /></a></td>
                    <IF COND="IsVariable.approveuimodified=true">
                    <THEN>
                          <CALLELEMENT NAME="Support/TCPI/AP/HandleUIModifiedAsset">
                                <ARGUMENT NAME="assetid" VALUE="uimodifiedlist.assetid"/>
                                <ARGUMENT NAME="target" VALUE="Variables.targ"/>
                          </CALLELEMENT>
                    </THEN>
                    </IF>
                </tr>
                </THEN>
                </IF>
            </LOOP>
        </table>
        </then>
        </if>
    </then>
    </if>
    It took <b><TIME.GET NAME="uimodified" /></b> ms to do the work.<br/>
    <IF COND="uimodifiedlist.#numRows!=0">
    <THEN>
        <a href="ContentServer?pagename=Support/TCPI/AP/ApprovalStats&#38;targ=Variables.targ&#38;approveuimodified=true&#38;maxList=Variables.maxList&#38;tname=Variables.tname" REPLACEALL="Variables.targ,Variables.maxList,Variables.tname">Approve UI Modified Assets</a><br/>
    </THEN>
    </IF>	
</THEN>
<ELSE>
	<b>Select a Publish Destination:</b><br/>
	<setvar NAME="errno" VALUE="0"/>
    <selectto LIST="uiPubTgts" WHAT="id,name,description,type" FROM="PubTarget"/>
	    <if COND="IsError.Variables.errno=false">
	    <then>
        <ul class="subnav">
		    <loop LIST="uiPubTgts">
		          <DELIVERYTYPE.LOAD NAME="dtype" OBJECTID="uiPubTgts.type"/>
		          <DELIVERYTYPE.GET NAME="dtype" FIELD="name" OUTPUT="dtype:name"/>
              <li>
              <a href="ContentServer?pagename=Support/TCPI/AP/ApprovalStats&#38;targ=uiPubTgts.id&#38;tname=uiPubTgts.name (Variables.dtype:name)" REPLACEALL="uiPubTgts.id,uiPubTgts.name,Variables.dtype:name">
			        <CSVAR NAME="uiPubTgts.name (Variables.dtype:name)"/></a><br/>
              </li>
        </loop>
        </ul>
	</then>
	</if>
</ELSE>
</IF>

<IF COND="Variables.heldlogin=true">
<THEN>
      <USERMANAGER.LOGOUT/>
</THEN>
</IF>
</FTCS>
