<?xml version="1.0" ?>
<!DOCTYPE ftcs SYSTEM "futuretense_cs.dtd">
<ftcs version="1.2">
<!-- Support/TCPI/AP/EventForm
-
- INPUT
-
- OUTPUT
-
-->
<SCRIPT LANGUAGE="JavaScript">
<![CDATA[
function checkall () {
	var obj = document.forms[0].elements[0];
	var formCnt = obj.form.elements.length;
	
	for (i=0; i  < formCnt; i++) {
        if (obj.form.elements[i].name == "event") {
            if (obj.form.elements[i].checked)
    			obj.form.elements[i].checked=false;
            else
                obj.form.elements[i].checked=true
        }
	}
}
]]>
</SCRIPT>
<center><h3>EventManager</h3></center>
<IF COND="IsVariable.event=true">
<THEN>
	<IF COND="Variables.evtcmd=Disable">
	<THEN>
		<STRINGLIST NAME="events" STR="Variables.event" DELIM=";"/>
		<LOOP LIST="events">
			 Disable event <CSVAR NAME="events.ITEM"/>
			 <DISABLEEVENT NAME="events.ITEM"/><br/>
		</LOOP>
	</THEN>
	</IF>

	<IF COND="Variables.evtcmd=Enable">
	<THEN>
		<STRINGLIST NAME="events" STR="Variables.event" DELIM=";"/>
		<LOOP LIST="events">
			 Enable event <CSVAR NAME="events.ITEM"/>
			 <ENABLEEVENT NAME="events.ITEM"/><br/>
		</LOOP>
	</THEN>
	</IF>

	<IF COND="Variables.evtcmd=Destroy">
	<THEN>
		<STRINGLIST NAME="events" STR="Variables.event" DELIM=";"/>
		<LOOP LIST="events">
			 Destroying event <CSVAR NAME="events.ITEM"/>
			 <DESTROYEVENT NAME="events.ITEM"/><br/>
		</LOOP>
	</THEN>
	</IF>
</THEN>
</IF>

<ICS.QUERYEVENTS LIST="events" TYPE="1" ENABLED="Variables.enabled"/>
<if COND="events.#numRows!=0">
<then>
	<satellite.form satellite="false" name="eventsForm" method="post">
	<input type="hidden" name="pagename" value="Variables.pagename" REPLACEALL="Variables.pagename"/>
	<input type="hidden" name="cmd" value="EventForm"/>
	<input type="hidden" name="enabled" value="Variables.enabled" REPLACEALL="Variables.enabled"/>
	<table class="altClass">
	<tr>
		<th width="5%">&nbsp;</th> 
		<th width="15%">Name</th> 
		<th width="10%">Enabled</th> 
		<th width="20%">Time</th> 
		<th width="20%">Target</th>
		<th width="30%">Params</th>
	</tr>
	<LOOP LIST="events">
		<tr>
			<td><input name="event" type="checkbox" id="event" value="events.name" REPLACEALL="events.name" /></td>	
			<td><CSVAR NAME="events.name"/></td> 
			<td><CSVAR NAME="events.enabled"/></td> 
			<td><CSVAR NAME="events.time"/></td> 
			<td><CSVAR NAME="events.target"/></td>
			<td><CSVAR NAME="events.params"/></td>
		</tr>
	</LOOP>
    </table>
    <br/>
	<a href="javascript:void(0);" onclick="return checkall()" onmouseover="window.status='Check It';return true;" onmouseout="window.status='';return true;" REPLACEALL="Variables.pubtargetname,Variables._XLAT_">CheckAll</a>	
    <if COND="Variables.enabled=true">
    <then>
        &nbsp;<input type="submit" name="evtcmd" value="Disable" />
    </then>
    </if>
    <if COND="Variables.enabled=false">
    <then>
        &nbsp;<input type="submit" name="evtcmd" value="Enable" />
    </then>
    </if>
    &nbsp;<input type="submit" name="evtcmd" value="Destroy" />
	</satellite.form>
</then>
</if>
<if COND="Variables.enabled=true">
<then>
    <a href="ContentServer?pagename=Variables.pagename&#38;cmd=EventForm&#38;enabled=false" REPLACEALL="Variables.pagename">List Disabled Events</a><br/>
</then>
<else>
    <a href="ContentServer?pagename=Variables.pagename&#38;cmd=EventForm&#38;enabled=true" REPLACEALL="Variables.pagename">List Enabled Events</a><br/>
</else>
</if>
</ftcs>
