<?xml version="1.0" ?>
<!DOCTYPE ftcs SYSTEM "futuretense_cs.dtd">
<ftcs version="1.2">
<!-- Support/TCPI/AP/NotePublish
-->
<h3>Fake Publish</h3>
<p>This tool marks all assets ready to publish as published. This is usefull if you copied the source database to the target as an initial content launch process and you want to let the source system that the asset are already 'published' to the target.</p>
<p>If you  select a desitination the process will start immediately.</p>

<SETVAR NAME="hasError" VALUE="false"/>

	<SETVAR NAME="errno" VALUE="0"/>
	<SATELLITE.FORM ASSEMBLER="query" NAME="AppForm" METHOD="POST">
    <INPUT TYPE="hidden" NAME="_charset_" VALUE="Variables.charset" REPLACEALL="Variables.charset"/>
	<INPUT TYPE="hidden" NAME="pagename" VALUE="Variables.pagename" REPLACEALL="Variables.pagename"/>
	<setvar NAME="doproceed" VALUE="true" />
	    <setvar NAME="errno" VALUE="0"/>
 		<PUBTARGETMANAGER.FIND PREFIX="pbt" /><!-- PUBID="SessionVariables.pubid" FILTERFORPUBLISH="true" -->
	    <if COND="Variables.pbtTotal=0">
	    <then>
		<setvar NAME="doproceed" VALUE="NoPublishDest"/>
			  <XLAT.STREAM KEY="dvin/UI/Noexistingpublishdestsite"/>
	    </then>
	    <else>
	    <SETCOUNTER NAME="nthTarget" VALUE="0"/>
		<SELECT NAME="target" SIZE="1">
		<loop COUNT="Variables.pbtTotal">
		    <PUBTARGET.SCATTER NAME="pbtCounters.nthTarget" PREFIX="pubtgt:"/>
		    <DELIVERYTYPE.LOAD NAME="dtype" OBJECTID="Variables.pubtgt:type"/>
		    <DELIVERYTYPE.GET NAME="dtype" FIELD="name" OUTPUT="dtype:name"/>
		    <if COND="Variables.pubtgt:id!=Variables.target">
		    <then>
			<OPTION VALUE="Variables.pubtgt:id" REPLACEALL="Variables.pubtgt:id"/><XLAT.STREAM KEY="dvin/UI/Publish/pubtgtnameLPusingpubdtnameRP"/>
		    </then>
		    <else>
			<OPTION VALUE="Variables.pubtgt:id" SELECTED="true" REPLACEALL="Variables.pubtgt:id"/><XLAT.STREAM KEY="dvin/UI/Publish/pubtgtnameLPusingpubdtnameRP"/>
		    </else>
		    </if>
		    <INCCOUNTER NAME="nthTarget" VALUE="1"/>
		</loop>
		</SELECT>
		<br/><input type="image" src="/cs/Xcelerate/graphics/en_US/button/content/images/select_destination.gif" NAME="command" BORDER="0"/>
	    </else>
	    </if>
	</SATELLITE.FORM>
<IF COND="IsVariable.target=true">
<THEN>
	<PUBTARGETMANAGER.LOAD OBJVARNAME="pubTarget" ID="Variables.target"/>
	<IF COND="IsError.Variables.errno=true">
	<THEN>
	  <SETVAR NAME="hasError" VALUE="true"/>
	  Could not load publish destination for <CSVAR NAME="Variables.target"/>.<br/>
	</THEN>
	</IF>
</THEN>
<ELSE>
	<SETVAR NAME="hasError" VALUE="true"/>
</ELSE>
</IF>

<IF COND="Variables.hasError=false">
<THEN>
	<PUBTARGET.SCATTER NAME="pubTarget" PREFIX="pubtgt:"/>
    <h4>Publish Destination <CSVAR NAME="Variables.pubtgt:name "/></h4>
    <DELIVERYTYPE.LOAD NAME="pubdt" OBJECTID="Variables.pubtgt:type"/>
    <DELIVERYTYPE.GET NAME="pubdt" FIELD="path" OUTPUT="pubdt:path"/>
    <DELIVERYTYPE.GET NAME="pubdt" FIELD="name" OUTPUT="pubdt:name"/>
    <BEGINS STR="Variables.pubdt:name" WHAT="Mirror"/> 
    <IF COND="Variables.errno=1"> 
		 <THEN></THEN>
		 <ELSE>
			<BEGINS STR="Variables.pubdt:name" WHAT="RealTime"/> 
		    <IF COND="Variables.errno=1"> 
			  <THEN></THEN>
			  <ELSE>
			 	<SETVAR NAME="hasError" VALUE="true"/>
			 	Target type is not of type Mirror or RealTime: <CSVAR NAME="Variables.pubdt:name"/>. Not performing FakePublish.<br/>
		 	  </ELSE>
			</IF>
		 </ELSE>
	</IF>
</THEN>
</IF>
<IF COND="Variables.hasError=false">
<THEN>
	<SETVAR NAME="errno" VALUE="0"/>

	<ApprovedAssets.GetAssetsToPublish TARGET="Variables.target" PREFIX="PublishableAssets" />
	<if COND="IsError.Variables.errno=true">
	<then>     
		 <P><XLAT.STREAM KEY="dvin/UI/Error/notgetpublishableassetserrno2" errno="Variables.errno" EVALALL="false"/>
		 </P>
	</then>
	<else>
		<if COND="IsVariable.PublishableAssetsTotal=true">
		<then>
			<if COND="Variables.PublishableAssetsTotal!=0">
			<then>
				<!--  do fake publish all the approved assets in the list-->
				<SETCOUNTER NAME="count" VALUE="0"/>
				<setvar NAME="numAssets" VALUE="Variables.PublishableAssetsTotal"/>
				Fake publishing <CSVAR NAME="Variables.numAssets"/> assets.<br/>
				<CALCULATOR.GO VALUE="Counters.count Variables.numAssets GTE" VARNAME="exp"/>
				<CALCULATOR.GO VALUE="Variables.numAssets 1000 GTE" VARNAME="show"/>
				<IF COND="Variables.show=1"><THEN>
					<p>More than a 1000 assets will be marked as published. Individual assets will not be listed here.</p>
				</THEN></IF>
				<SETVAR NAME="chunkSize" VALUE="20"/>
				<TIME.SET NAME="totalNotePublishTimes"/>
				<LOOP UNTIL="Variables.exp=1">
					<table>
					<SETCOUNTER NAME="chunkCount" VALUE="0"/>
					<LOOP FROM="Counters.count" COUNT="Variables.chunkSize">
						<IF COND="Variables.exp=0">
						<THEN>
							<MIRRORKEY.GETTYPE NAME="PublishableAssetsCounters.count" VARNAME="assettype"/>
							<MIRRORKEY.GETID NAME="PublishableAssetsCounters.count" VARNAME="assetid"/>
							<ASSET.LIST TYPE="Variables.assettype" LIST="assetList" FIELD1="id" VALUE1="Variables.assetid" />
							<IF COND="Variables.show=0"><THEN>
							<tr><td><CSVAR NAME="Counters.count"/></td><td><CSVAR NAME="Variables.assettype"/></td><td><CSVAR NAME="Variables.assetid:assetList.updateddate"/></td></tr>
							</THEN></IF>
							<ICS.LISTGET LISTNAME="assetList" FIELDNAME="updateddate" OUTPUT="assetlistupdateddate"/>
							<PUBLISHSUBASSETS.ADD TYPE="Variables.assettype" ID="Variables.assetid" DATE="Variables.assetlistupdateddate"/>
							<PUBLISHEDASSETS.ADD KEY="PublishableAssetsCounters.count"/>
							<INCCOUNTER NAME="count" VALUE="1"/>
							<INCCOUNTER NAME="chunkCount" VALUE="1"/>
							<CALCULATOR.GO VALUE="Counters.count  Variables.numAssets GTE" VARNAME="exp"/>
						</THEN>
						</IF>

					</LOOP>
					</table>

					<SETVAR NAME="errno" VALUE="0"/>
					<TIME.SET NAME="chunkPublishTimes"/>
					<APPROVEDASSETS.NOTEPUBLISH TARGET="Variables.target"/>
					<IF COND="IsError.Variables.errno=true">
					<THEN>
						<CSVAR NAME="Fake publish error. Error Variables.errno doing ApprovedAssets.NotePublish, Variables.errdetail1"/><br/>
						<SETVAR NAME="exp" VALUE="1"/>
					</THEN>
					</IF>
					<TIME.GET NAME="chunkPublishTimes" OUTPUT="chunkTime"/>
					<SETVAR NAME="line" VALUE="Fake publishing Counters.chunkCount asset(s) in Variables.chunkTime ms."/>
					<CSVAR NAME="Variables.line"/><br/>
					<LOGMSG STR="Variables.line"/>
					<hr/>
				</LOOP>				
				Done with fake publishing <CSVAR NAME="Variables.numAssets"/> assets(s) in <TIME.GET NAME="totalNotePublishTimes"/> ms.<br/>				
			</then>
			<else>
			<p><b>No assets found that are ready to be published.</b></p>
			</else>
			</if>
			
		</then>
		</if>

	</else>
	</if>
	<b>Done</b><br/>
</THEN>
</IF>
</ftcs>
