<?xml version="1.0" ?>
<!DOCTYPE FTCS SYSTEM "futuretense_cs.dtd">
<FTCS Version="1.1">
<!-- Support/CacheManager/flushByItem
-
- INPUT
-
- OUTPUT
-
-->
<h3>Flush Pages by Item</h3>
<p>Please enter a comma-separated list of items to flush. Assets need to be in the form of 'asset-123939289229:Product'.</p>
<satellite.form satellite="false" method="post">
	<input type="hidden" name="pagename" value="Support/CacheManager/flushByItemPost"/>
	<textarea name="idlist" value="" cols="48"/><br />
	<input type="checkbox" name="cs-cs"/>Flush pages from WebCenter Sites cached for a browser<br/>
	<input type="checkbox" name="cs-ss"/>Flush pages from WebCenter Sites cached for a Satellite<br/>
	<input type="checkbox" name="ss"/>Flush pages from all Satellite engines<br/><br/>
	<input type="submit" name="Submit" value="Submit"/>
</satellite.form>
</FTCS> 
