<?xml version="1.0" ?>
<!DOCTYPE FTCS SYSTEM "futuretense_cs.dtd">
<FTCS Version="1.1">
<!-- Support/CacheManager/list
-
- INPUT
-
- OUTPUT
-
-->
<h3>List Pages in Cache</h3>
<P>Page cache may contain thousands of rows.  Listing items can be slow.  If you are sure you want to continue, complete the form below.</P>
<SATELLITE.FORM METHOD="POST" SATELLITE="FALSE">
	<INPUT TYPE="hidden" NAME="pagename" VALUE="Support/CacheManager/listPost"/>
	<INPUT TYPE="checkbox" NAME="cs" /> List inventory for ContentServer<br />
	<INPUT TYPE="checkbox" NAME="ss" /> List inventory for CS Satellite<br /><br/>
	<INPUT TYPE="Submit" NAME="Submit" VALUE="Submit"/>
</SATELLITE.FORM>
</FTCS> 
