<?xml version="1.0" ?>
<!DOCTYPE FTCS SYSTEM "futuretense_cs.dtd">
<FTCS Version="1.2">
<!-- Support/CacheManager/listItemsByPage
-
- INPUT
-
- OUTPUT
-
-->
<script type="text/javascript">
function gotoPreview(F, dict)
{
    <PROPERTY.GET INIFILE="futuretense_xcel.ini" PARAM="xcelerate.previewhost" VARNAME="preview-host"/>
    <PROPERTY.GET INIFILE="futuretense_xcel.ini" PARAM="xcelerate.previewservlet" VARNAME="preview-servlet"/>
    var pURL = "<ics.resolvevariables NAME="$(Variables.preview-host)$(CS.Property.ft.approot)$(Variables.preview-servlet)" delimited="true"/>";
    pURL = pURL + "?pagename=";
     
    i = 0;
    <![CDATA[
    while (i < dict.options.length) {
        if (dict.options[i].selected) {
            var value = dict.options[i].value;

            if (value == "None") return;

            pURL = pURL + dict.options[i].value;
            break;
        }
        i++;
    }
    ]]>
showPreview(pURL);
}

function openPreview(id)
{
    var pURL = "<ics.resolvevariables NAME="$(Variables.preview-host)$(CS.Property.ft.approot)ContentServer" delimited="true"/>";
    pURL = pURL + "?pagename=";
   	pURL = pURL + "Support/CacheManager/ShowCachedPage&#38;pid=" + id;
     
    PreviewWindow = window.open(pURL, "NewPreviewContent", "width=700,height=480,scrollbars=yes,toolbar=no,location=no,status=yes,menubar=no,resizable=yes,directories=no");
    PreviewWindow.focus();
}	

function showPreview(pURL)
{
    PreviewWindow = window.open(pURL, "PreviewContent", "width=640,height=480,scrollbars=yes,toolbar=yes,location=yes,status=yes,menubar=yes,resizable=yes,directories=yes");
    PreviewWindow.focus();
}	
</script>

<h3>List Assets per Cached Pagelet</h3>
<IF COND="IsVariable.pid=false"><THEN>
<b>No pid found to list</b><br/>
</THEN><ELSE>
	<SETVAR NAME="tablename" VALUE="SystemPageCache"/>
	<EXECSQL  SQL="SELECT * FROM SystemPageCache WHERE id = Variables.pid" LIST="page" table="SystemPageCache" />
	<IF COND="Variables.errno=-101"><THEN>Page not found! (Maybe not in cache anymore?)<br/>
	</THEN><ELSE>
	<p><CSVAR NAME="page.@urlqry"/></p>
		<table class="altClass">
			<tr>
			    <th>Display</th>
				<th>ModTime</th>
				<th>ExpiryTime</th>
				
			</tr>
			<tr>
			    <td><a HREF="javascript:void(0)" onclick="openPreview('page.id');" onmouseover="div_show(this,'page.id');" onmouseout="window.status='';return true" REPLACEALL="page.id">show cached pagelet</a></td>
				<td><CSVAR NAME="page.mtime"/></td>
				<td><CSVAR NAME="page.etime"/></td>
			</tr>
			<tr><td colspan="3"><CSVAR NAME="page.@urlhead"/></td></tr>
		</table>
		<br/>
		<CALLELEMENT NAME="Support/CacheManager/listAssetDetails"/>		
		<br/>
		<CALLELEMENT NAME="Support/CacheManager/listPageMarkers">
			<ARGUMENT NAME="pagebody" VALUE="page.@urlpage"/>
		</CALLELEMENT>		
	</ELSE></IF>
</ELSE></IF>
<div id="hoverbox" style="position: absolute; visibility: hidden; width: 90%; background: #FFF;"></div>
<script type="text/javascript"><![CDATA[
function div_show(obj,key){
    new Ajax.Request('ContentServer', {
      method: 'get',
      parameters: {pagename:'Support/CacheManager/ShowCachedPageEscaped',pid: key},
      onSuccess: function(response){
            var result = response.responseText;
            showPagelet(obj,result);
      },
      onFailure: function(){ showPagelet(obj,'Something went wrong...'); }
    });

}
function div_hide(){
        
}
function showPagelet(obj,result){
    var div= $('hoverbox');
    div.innerHTML=result;
    var oTop  = 0;
    var oLeft = 0;
    // find object position on the page
    do {oLeft+=obj.offsetLeft; oTop+=obj.offsetTop} while (obj=obj.offsetParent);
    // set the position of invisible div
    div.style.top  = (oTop  + 20) + 'px';
    div.style.left = (oLeft + 20) + 'px';
    div.style.visibility = 'visible';
}

]]>
</script>
</FTCS>
